<?xml version="1.0"?>
<doc>
    <assembly>
        <name>NetTopologySuite.Lab</name>
    </assembly>
    <members>
        <member name="T:NetTopologySuite.Clip.RectangleClipPolygon">
            <summary>
            Clips polygonal geometry to a rectangle.
            This implementation is faster, more robust,
            and less sensitive to invalid input than
            <see cref="M:NetTopologySuite.Geometries.Geometry.Intersection(NetTopologySuite.Geometries.Geometry)"/>.
            <para/>
            It can also enforce a supplied precision model on the computed result.
            The inputs do not have to meet the precision model.
            This allows clipping using integer coordinates
            in the output, for example.
            </summary>
            <author>mdavis</author>
        </member>
        <member name="M:NetTopologySuite.Clip.RectangleClipPolygon.FixTopology(NetTopologySuite.Geometries.Geometry)">
            <summary>
            The clipped geometry may be invalid
            (due to coincident at clip edges, 
            or due to precision reduction if performed).
            This method fixed the geometry topology to be valid.
            <para/>
            Currently uses the buffer(0) trick.
            This should work in most cases(but need to verify this).
            But it may produce unexpected results if the input polygon
            was invalid inside the clip area.
            </summary>
            <param name="geom">A geometry</param>
            <returns>A fixed geometry</returns>
            <seealso cref="T:NetTopologySuite.Precision.GeometryPrecisionReducer"/>
        </member>
        <member name="M:NetTopologySuite.Clip.RectangleClipPolygon.ClipRingToBox(NetTopologySuite.Geometries.Coordinate[])">
            <summary>
            Clips ring to rectangle box.
            This follows the Sutherland-Hodgson algorithm.
            </summary>
            <param name="ring"></param>
            <returns>the clipped points, or <c>null</c> if all were clipped</returns>
        </member>
        <member name="M:NetTopologySuite.Clip.RectangleClipPolygon.ClipRingToBoxEdge(NetTopologySuite.Geometries.Coordinate[],System.Int32)">
            <summary>
            Clips ring to a axis-parallel line defined by a single box edge.
            </summary>
            <param name="coords">An array of coordinates</param>
            <param name="edgeIndex">An edge index</param>
            <returns>The clipped points, or <c>null</c> if all were clipped</returns>
        </member>
        <member name="M:NetTopologySuite.Clip.RectangleClipPolygon.Intersection(NetTopologySuite.Geometries.Coordinate,NetTopologySuite.Geometries.Coordinate,System.Int32)">
            <summary>
            <para/>
            Due to the nature of the S-H algorithm,
            it should never happen that the
            computation of intersection line slope is infinite
            (i.e.encounters division-by-zero).
            </summary>
            <param name="a">A coordinate</param>
            <param name="b">A coordinate</param>
            <param name="edgeIndex">An index of an edge</param>
            <returns>A coordinate</returns>
        </member>
        <member name="M:NetTopologySuite.EdgeRay.EdgeRay.AreaTermBoth(System.Double,System.Double,System.Double,System.Double)">
            <summary>
            Computes the area term for the edge rays in both directions along an edge.
            </summary>
            <param name="x0"></param>
            <param name="y0"></param>
            <param name="x1"></param>
            <param name="y1"></param>
            <returns></returns>
        </member>
        <member name="T:NetTopologySuite.Geometries.Utilities.GeometryEditorEx">
            <summary>
            A class which supports creating new <see cref="T:NetTopologySuite.Geometries.Geometry"/>s
            which are modifications of existing ones,
            maintaining the same type structure.
            Geometry objects are intended to be treated as immutable.
            This class "modifies" Geometrys<see cref="T:NetTopologySuite.Geometries.Geometry"/>s
            by traversing them, applying a user-defined
            <see cref="T:NetTopologySuite.Geometries.Utilities.GeometryEditor.IGeometryEditorOperation"/>, <see cref="T:NetTopologySuite.Geometries.Utilities.GeometryEditorEx.CoordinateSequenceOperation"/> or <see cref="T:NetTopologySuite.Geometries.Utilities.GeometryEditorEx.CoordinateOperation"/>
            and creating new <see cref="T:NetTopologySuite.Geometries.Geometry"/>s with the same structure but
            (possibly) modified components.
            <para>
            Examples of the kinds of modifications which can be made are:
            <list type="bullet">
            <item><description>the values of the coordinates may be changed.
            The editor does not check whether changing coordinate values makes the result Geometry invalid.
            </description></item>
            <item><description>the coordinate lists may be changed (e.g.by adding, deleting or modifying coordinates).
            The modified coordinate lists must be consistent with their original parent component
            (e.g.a LinearRing must always have at least 4 coordinates, and the first and last coordinate must be equal).
            </description></item>
            <item><description>components of the original geometry may be deleted.
            (e.g.holes may be removed from a Polygon, or LineStrings removed from a MultiLineString).
            Deletions will be propagated up the component tree appropriately.
            </description></item>
            </list>
            All changes must be consistent with the original Geometry's structure
            (e.g.a Polygon cannot be collapsed into a LineString).
            If changing the structure is required, use a <see cref="T:NetTopologySuite.Geometries.Utilities.GeometryTransformer"/>.
            </para>
            <para>
            This class supports creating an edited Geometry
            using a different <c>GeometryFactory</c> via the <see cref="T:NetTopologySuite.Geometries.Utilities.GeometryEditorEx"/> constructor.
            Examples of situations where this is required is if the geometry is
            transformed to a new SRID and / or a new PrecisionModel.
            </para>
            <para>
            <strong> Usage Notes </strong>
            <list type="bullet">
            <item><description>The resulting Geometry is not checked for validity.
            If validity needs to be enforced, the new Geometry's
            <see cref="P:NetTopologySuite.Geometries.Geometry.IsValid"/> should be called.
            </description></item>
            <item><description>By default the UserData of the input geometry is not copied to the result.</description></item>
            </list>
            </para>
            </summary>
        </member>
        <member name="F:NetTopologySuite.Geometries.Utilities.GeometryEditorEx._targetFactory">
            The factory used to create the modified Geometry.
            If <tt>null</tt> the GeometryFactory of the input is used.
        </member>
        <member name="M:NetTopologySuite.Geometries.Utilities.GeometryEditorEx.#ctor">
            <summary>
            Creates a new GeometryEditor object which will create edited
            <see cref="T:NetTopologySuite.Geometries.Geometry"/>s with the same <see cref="T:NetTopologySuite.Geometries.GeometryFactory"/> as the input Geometry.
            </summary>
        </member>
        <member name="M:NetTopologySuite.Geometries.Utilities.GeometryEditorEx.#ctor(NetTopologySuite.Geometries.GeometryFactory)">
            <summary>
            Creates a new GeometryEditor object which will create edited
            <see cref="T:NetTopologySuite.Geometries.Geometry"/>s with the given <see cref="T:NetTopologySuite.Geometries.GeometryFactory"/> as the input Geometry.
            </summary>
            <param name="targetFactory">
            The GeometryFactory to create edited Geometrys with.
            </param>
        </member>
        <member name="M:NetTopologySuite.Geometries.Utilities.GeometryEditorEx.#ctor(NetTopologySuite.Geometries.Utilities.GeometryEditor.IGeometryEditorOperation)">
            <summary>
            Creates a GeometryEditor which edits geometries using
            a given <see cref="T:NetTopologySuite.Geometries.Utilities.GeometryEditor.IGeometryEditorOperation"/>
            and the same <see cref="T:NetTopologySuite.Geometries.GeometryFactory"/> as the input Geometry.
            </summary>
            <param name="operation">The edit operation to use.</param>
        </member>
        <member name="M:NetTopologySuite.Geometries.Utilities.GeometryEditorEx.#ctor(NetTopologySuite.Geometries.Utilities.GeometryEditor.IGeometryEditorOperation,NetTopologySuite.Geometries.GeometryFactory)">
            <summary>
            Creates a GeometryEditor which edits geometries using
            a given <see cref="T:NetTopologySuite.Geometries.Utilities.GeometryEditor.IGeometryEditorOperation"/>
            and the given <see cref="T:NetTopologySuite.Geometries.GeometryFactory"/>.
            </summary>
            <param name="operation">The edit operation to use.</param>
            <param name="targetFactory">The GeometryFactory to create  edited Geometrys with.</param>
        </member>
        <member name="P:NetTopologySuite.Geometries.Utilities.GeometryEditorEx.CopyUserData">
            <summary>
            Gets/Sets whether the User Data is copied to the edit result.
            </summary>
            <remarks>Only the object reference is copied.</remarks>
            <value><c>true</c> if the input user data should be copied.</value>
        </member>
        <member name="M:NetTopologySuite.Geometries.Utilities.GeometryEditorEx.Edit(NetTopologySuite.Geometries.Geometry)">
            <summary>
            Edit a <see cref="T:NetTopologySuite.Geometries.Geometry"/>.
            </summary>
            <remarks>
            Clients can create subclasses of <see cref="T:NetTopologySuite.Geometries.Utilities.GeometryEditor.IGeometryEditorOperation"/>,
            <see cref="T:NetTopologySuite.Geometries.Utilities.GeometryEditorEx.CoordinateSequenceOperation"/> or <see cref="T:NetTopologySuite.Geometries.Utilities.GeometryEditorEx.CoordinateOperation"/>
            to perform required modifications.
            </remarks>
            <param name="geometry">The Geometry to edit.</param>
            <returns>
            A new <see cref="T:NetTopologySuite.Geometries.Geometry"/> which is the result
            of the editing (which may be empty).
            </returns>
        </member>
        <member name="T:NetTopologySuite.Geometries.Utilities.GeometryEditorEx.NoOpGeometryOperation">
            <summary>
            A GeometryEditorOperation which does not modify the input geometry.
            This can be used for simple changes of GeometryFactory (including PrecisionModel and SRID).
            </summary>
        </member>
        <member name="T:NetTopologySuite.Geometries.Utilities.GeometryEditorEx.CoordinateOperation">
            <summary>
            A <see cref="T:NetTopologySuite.Geometries.Utilities.GeometryEditor.IGeometryEditorOperation"/> which edits
            the coordinate list of a <see cref="T:NetTopologySuite.Geometries.Geometry"/>.
            Operates on <see cref="T:NetTopologySuite.Geometries.Geometry"/> subclasses
            which contains a single coordinate list.
            </summary>
        </member>
        <member name="M:NetTopologySuite.Geometries.Utilities.GeometryEditorEx.CoordinateOperation.Edit(NetTopologySuite.Geometries.Coordinate[],NetTopologySuite.Geometries.Geometry)">
            <summary>
            Edits the array of <paramref name="coordinates"/>s from a <see cref="T:NetTopologySuite.Geometries.Geometry"/>.
            <remarks>
            If it is desired to preserve the immutability of Geometries,
            if the coordinates are changed a new array should be created
            and returned.
            </remarks>
            </summary>
            <param name="coordinates">The coordinate array to operate on.</param>
            <param name="geometry">The geometry containing the coordinate list.</param>
            <returns>An edited coordinate array (which may be the same as the input).</returns>
        </member>
        <member name="T:NetTopologySuite.Geometries.Utilities.GeometryEditorEx.CoordinateSequenceOperation">
            <summary>
            A <see cref="T:NetTopologySuite.Geometries.Utilities.GeometryEditor.IGeometryEditorOperation"/> which edits
            the <see cref="T:NetTopologySuite.Geometries.CoordinateSequence"/>.
            Operates on <see cref="T:NetTopologySuite.Geometries.Geometry"/> subclasses
            which contains a single coordinate list.
            </summary>
        </member>
        <member name="M:NetTopologySuite.Geometries.Utilities.GeometryEditorEx.CoordinateSequenceOperation.Edit(NetTopologySuite.Geometries.CoordinateSequence,NetTopologySuite.Geometries.Geometry,NetTopologySuite.Geometries.GeometryFactory)">
            Edits a <see cref="T:NetTopologySuite.Geometries.CoordinateSequence"/> from a <see cref="T:NetTopologySuite.Geometries.Geometry"/>.
            <param name="coordinateSequence">The coordinate array to operate on.</param>
            <param name="geometry">The geometry containing the coordinate list.</param>
            <param name="targetFactory"></param>
            <returns>An edited coordinate sequence (which may be the same as the input).</returns>
        </member>
        <member name="M:NetTopologySuite.Hull.ChiShape.GetResult">
            <summary>
            Generate the Delaunay triangulation of the set of input points P;
            (2) Remove the longest exterior edge from the triangulation such that:
            (a) the edge to be removed is longer than the tolerance parameter;
            and (b) the exterior edges of the resulting triangulation form the boundary of a simple polygon;
            (3) Repeat 2. as long as there are more edges to be removed (4) Return the polygon formed by the exterior edges of the triangulation
            </summary>
            <returns>Convex hull if tolerance is higher than the maximum edge length, simple polygon if tolerance is low.</returns>
            <exception>If no concavehull can be generated throws not implemented exception.</exception>
        </member>
        <member name="T:NetTopologySuite.Operation.Union.DisjointSets">
            <summary>
            A data structure that represents a partition of a set
            into disjoint subsets, and allows merging subsets.
            Set items are represented by integer indices.
            Initially each item is in its own subset.
            Client code can merge subsets of items as required for the
            algorithm being performed (e.g.set partitioning or clustering).
            The current partitioning can be computed at any time,
            and subset items accessed by their indices.
            <para/>
            See the Wikipedia article on
            <a href='https://en.wikipedia.org/wiki/Disjoint-set_data_structure'>disjoint-set data structures</a>.
            </summary>
            <author>mdavis</author>
        </member>
        <member name="M:NetTopologySuite.Operation.Union.DisjointSets.#ctor(System.Int32)">
            <summary>
            Creates a new structure containing a given number of items
            </summary>
            <param name="size">The number of items contained in the set</param>
        </member>
        <member name="T:NetTopologySuite.Operation.Union.DisjointSets.Subsets">
            <summary>
            Provides accessors for items in disjoint subsets
            </summary>
        </member>
        <member name="P:NetTopologySuite.Operation.Union.DisjointSets.Subsets.Count">
            <summary>
            Gets the number of disjoint subsets.
            </summary>
            <returns>The number of subsets</returns>
        </member>
        <member name="M:NetTopologySuite.Operation.Union.DisjointSets.Subsets.GetSize(System.Int32)">
            <summary>
            Gets the number of items in a given subset.
            </summary>
            <param name="s">The number of the subset</param>
            <returns>The size of the subset</returns>
        </member>
        <member name="M:NetTopologySuite.Operation.Union.DisjointSets.Subsets.GetItem(System.Int32,System.Int32)">
            <summary>
            Gets an item from a subset
            </summary>
            <param name="s">The subset number</param>
            <param name="i">The index of the item in the subset</param>
            <returns>The item</returns>
        </member>
        <member name="T:NetTopologySuite.Operation.Union.SparsePolygonUnion">
            <summary>
            Unions a set of polygonal geometries by partitioning them
            into connected sets of polygons.
            This works best for a <i>sparse</i> set of polygons.
            Sparse means that if the geometries are partitioned
            into connected sets, the number of clusters
            is a significant fraction of the total number of geometries.
            The algorithm used provides performance and memory advantages
            over the <see cref="T:NetTopologySuite.Operation.Union.CascadedPolygonUnion"/> algorithm.
            It also has the advantage that it does not alter input geometries
            which do not intersect any other input geometry.
            <para/>
            Non-sparse sets will work, but may be slower than using cascaded union.
            </summary>
            <author>mdavis</author>
        </member>
        <member name="M:NetTopologySuite.Operation.Union.SparsePolygonUnion.PolygonNode.MergeRoot(NetTopologySuite.Operation.Union.SparsePolygonUnion.PolygonNode)">
            <summary>
            Add the other root's nodes to this root's list.
            Set the other nodes to have this as root.
            Free the other root's node list.
            </summary>
            <param name="root">The other root noe</param>
        </member>
        <member name="T:NetTopologySuite.Operation.Union.SpatialPartition">
            <summary>
            Computes a partition of a set of geometries into disjoint subsets,
            based on a provided equivalence relation.
            Uses a spatial index for efficient processing.
            </summary>
            <author>mdavis</author>
        </member>
        <member name="T:NetTopologySuite.OverlayOptFunctions">
            <summary>
            Functions to test using spatial predicates
            as a filter in front of overlay operations
            to optimize performance.
            </summary>
            <author>Martin Davis</author>
        </member>
        <member name="M:NetTopologySuite.OverlayOptFunctions.IntersectionOpt(NetTopologySuite.Geometries.Geometry,NetTopologySuite.Geometries.Geometry)">
            <summary>
            Use spatial predicates as a filter
            in front of intersection.
            </summary>
            <param name="a">A geometry</param>
            <param name="b">A geometry</param>
            <returns>The intersection of the geometries</returns>
        </member>
        <member name="M:NetTopologySuite.OverlayOptFunctions.IntersectionOptPrep(NetTopologySuite.Geometries.Geometry,NetTopologySuite.Geometries.Geometry)">
            <summary>
            Use prepared geometry spatial predicates as a filter
            in front of intersection,
            with the first operand prepared.
            </summary>
            <param name="a">A geometry</param>
            <param name="b">A geometry</param>
            <returns>The intersection of the geometries</returns>
        </member>
    </members>
</doc>
